{"streams": {"time": [0, 1, 2, 3, 4, 5, 6, 7, 8, 9], "distance": [0.0, 0.0, 0.0, 0.0, 0.0, 0.0, 0.0, 0.0, 0.0, 0.0], "altitude": [149.8, 149.8, 149.8, 149.8, 149.8, 149.8, 149.8, 149.8, 149.8, 149.8], "heartrate": [0, 0, 0, 0, 0, 0, 0, 0, 0, 0], "cadence": [0, 0, 0, 0, 0, 0, 0, 0, 0, 0], "watts": [0, 0, 0, 0, 0, 0, 0, 0, 0, 0], "velocity_smooth": [0.0, 0.0, 0.0, 0.0, 0.0, 0.0, 0.0, 0.0, 0.0, 0.0], "grade_smooth": [0.0, 0.0, 0.0, 0.0, 0.0, 0.0, 0.0, 0.0, 0.0, 0.0], "moving": [false, false, false, false, false, false, false, false, false, false], "latlng": [[50.69650651887059, 7.065836414694786], [50.69650651887059, 7.065836414694786], [50.69650651887059, 7.065836414694786], [50.69650651887059, 7.065836414694786], [50.69650651887059, 7.065836414694786], [50.69650651887059, 7.065836414694786], [50.69650651887059, 7.065836414694786], [50.69650651887059, 7.065836414694786], [50.69650651887059, 7.065836414694786], [50.69650651887059, 7.065836414694786]]}}